,arch,pretrained,family,aro,colorswap,crepe,eqben,imagecode,mmvp_vlm,sugarcrepe,svo_probes,valse,vl_checklist,whatsup,winoground,coco_i2t,coco_t2i,flickr_i2t,flickr_t2i,imagenet,21_tasks_avg,comp_avg,i2t_avg,t2i_avg
0,RN50,yfcc15m,OpenCLIP,42.09528069,7,13.7571447,18.70143691,17.81059948,9.62962963,67.59076178,77.68840349,62.48659897,65.62955675,41.58559774,7,28.26,16.47740904,51.2,30.94,32.382,30.69684017,35.91458418,39.73,23.70870452
1,RN101,yfcc15m,OpenCLIP,40.75738883,7,13.49387859,19.11640752,17.46307559,4.444444444,69.3391142,78.36518859,61.31315885,66.31889519,41.2765991,7.5,30.4,17.72091164,54.5,34.04,34.054,31.956291,35.53234591,42.45,25.88045582
2,RN50,cc12m,OpenCLIP,42.49949197,11.33333333,17.93331738,24.14610369,19.85230235,12.59259259,74.0934429,82.2456098,62.31256023,67.61331443,41.57252531,6.5,34.04,23.66253499,61.3,45.9,35.892,33.3580717,38.55788283,47.67,34.78126749
3,RN50,openai,OpenCLIP,62.80262117,16,24.124849,26.64630303,22.15464813,6.666666667,73.84621755,83.71271017,65.15083261,69.57664052,40.98542847,8.5,48.86,28.52459016,80,57.3,59.83,52.78326813,41.68057644,64.43,42.91229508
4,RN101,openai,OpenCLIP,53.40518233,11.66666667,17.74975308,26.83964638,21.41615986,10.37037037,72.99746804,83.3893114,66.48607459,69.2135478,41.90909304,7.5,49.84,30.70371851,79.1,58.08,62.272,55.37299947,40.2452728,64.47,44.39185926
5,RN50x4,openai,OpenCLIP,50.38479458,10,16.80708772,27.98172639,24.54387489,7.407407407,74.13811694,84.05301732,67.02420428,70.50055398,42.46889249,8.5,52.96,33.33466613,82.1,62.54,66.272,56.45260343,40.317473,67.53,47.93733307
6,RN50x16,openai,OpenCLIP,51.8285068,15.66666667,17.12100467,28.43851166,22.54561251,11.85185185,75.60632669,85.39555951,66.42749365,71.27330646,42.30729607,7.5,55.32,35.38984406,85.5,65.32,70.716,60.89497723,41.33017805,70.41,50.35492203
7,RN50x64,openai,OpenCLIP,57.51217943,13.33333333,22.6269471,29.11370145,24.10947003,11.85185185,76.65436173,86.02894203,66.46738573,72.04387407,41.59255958,10,58.46,35.15793683,86.9,68.9,73.914,65.80216477,42.6112172,72.68,52.02896841
8,ViT-B-32,openai,OpenCLIP,57.55243829,12,23.70755529,26.49190578,21.72024327,6.666666667,73.02574342,84.13824737,67.53352271,70.76843289,41.46275226,8.75,50.12,30.45181927,78.8,58.76,63.336,57.09520158,41.15145899,64.46,44.60590964
9,ViT-B-16,openai,OpenCLIP,57.2548698,12,22.05935135,27.54254644,22.02432667,5.185185185,73.41791358,85.69828297,66.86073765,70.75718068,42.99861741,7.5,52.5,33.07876849,82.2,62.08,68.318,60.30376421,41.10825098,67.35,47.57938425
10,ViT-L-14,openai,OpenCLIP,56.63571895,7.333333333,20.2852039,28.74466355,23.32754127,7.407407407,72.95442298,86.22490827,67.45463468,71.55107502,40.65366546,8.5,56.28,36.49340264,85.2,64.92,75.544,66.74059572,40.92271457,70.74,50.70670132
11,ViT-B-32-quickgelu,metaclip_400m,OpenCLIP,41.39819546,18.33333333,14.97022102,30.63392004,23.06689835,14.81481481,74.17929634,85.1069276,66.06432284,67.80210488,41.78040728,9,51.86,35.88964414,77.5,62.34,65.586,57.84589479,40.59587016,64.68,49.11482207
12,ViT-B-16-quickgelu,metaclip_400m,OpenCLIP,40.87985765,11.66666667,14.66785452,31.58912356,22.93657689,12.59259259,75.75485018,84.7836352,67.11596543,67.35931933,40.90047657,8,56.5,39.94802079,85.7,67.62,70.772,61.23422355,39.85390988,71.1,53.7840104
13,ViT-L-14-quickgelu,metaclip_400m,OpenCLIP,39.83323424,13.66666667,15.65012735,32.21072638,25.62988705,18.51851852,77.51482175,87.69922457,67.81753922,70.44178121,41.1527012,10.75,60.02,43.83446621,86.2,73.42,76.19,66.64481156,41.74043568,73.11,58.62723311
14,ViT-B-32-quickgelu,metaclip_fullcc,OpenCLIP,44.91886084,17.66666667,14.72155869,30.85527736,25.06516073,17.03703704,76.69680962,86.5500682,68.37922738,66.93190928,41.23065149,8.75,55.26,38.0967613,80.8,64.98,67.646,60.1187517,41.56693561,68.03,51.53838065
15,ViT-B-16-quickgelu,metaclip_fullcc,OpenCLIP,41.54623342,18.66666667,13.20033677,32.56012461,25.62988705,17.77777778,76.40584538,86.87322404,67.73404283,66.86357845,43.032706,8.5,59.36,41.38344662,85.5,70.72,72.122,63.81292001,41.56586858,72.43,56.05172331
16,ViT-L-14-quickgelu,metaclip_fullcc,OpenCLIP,44.56166782,13.33333333,15.93761771,34.23738609,26.32493484,17.77777778,79.50306863,88.78280876,68.69784908,68.71778085,41.64361623,8.5,64.48,47.07317073,90,76.44,79.17,70.10215284,42.33482009,77.24,61.75658537
17,ViT-H-14-quickgelu,metaclip_fullcc,OpenCLIP,45.137781,19.66666667,16.09757034,34.69229518,28.0625543,17.03703704,80.73362414,89.01008385,70.01628481,70.9966848,41.28509994,10.75,66.22,48.85245902,91.9,78.28,80.524,72.2771343,43.62380684,79.06,63.56622951
18,ViT-B-32,datacomp_s_s13m_b4k,OpenCLIP,35.84328204,5.666666667,12.31284479,10.87029375,13.03214596,11.85185185,54.14101727,61.80350017,52.16855698,57.06549468,42.80160256,7,1.5,1.095561775,2,1.44,3.916,17.36891607,30.37977139,1.75,1.267780888
19,ViT-B-32,datacomp_m_s128m_b4k,OpenCLIP,36.54398425,9.333333333,10.77677696,20.04536683,16.42050391,6.666666667,64.61872727,74.48773271,60.51774636,59.12255667,43.52235072,6.5,17.08,11.00759696,26.6,18.08,29.714,37.08940356,34.04631214,21.84,14.54379848
20,ViT-B-32,datacomp_xl_s13b_b90k,OpenCLIP,43.25466267,20.66666667,14.33103194,31.80355663,23.28410078,17.77777778,75.96973307,85.75261249,66.94186662,64.49576712,39.69286733,8,53.46,37.14514194,79.2,61.1,69.19,63.01734919,40.99755359,66.33,49.12257097
21,ViT-B-16,datacomp_xl_s13b_b90k,OpenCLIP,39.49398143,16.33333333,15.87739991,32.67835366,24.23979149,15.55555556,77.93092011,86.86594294,66.7325705,65.70104448,41.24487077,7.25,57.46,40.17193123,85,67.56,73.488,65.77946853,40.82531368,71.23,53.86596561
22,ViT-B-16,datacomp_l_s1b_b8k,OpenCLIP,40.10846078,12,15.49280708,30.66060226,22.41529105,14.07407407,73.24481855,84.41176958,64.8923026,65.31878099,41.60203882,6,48.74,32.18312675,73.2,55.36,63.086,57.81613533,39.18507882,60.97,43.77156337
23,ViT-B-32,laion2b_s34b_b79k,OpenCLIP,44.91824308,23.33333333,15.1927987,30.98051978,24.89139878,19.25925926,77.53866145,87.96317228,67.81261019,67.18609653,40.66366022,7.5,56.3,39.3482607,84.2,66.76,66.542,62.2385186,42.26997947,70.25,53.05413035
24,ViT-B-16,laion2b_s34b_b88k,OpenCLIP,42.2354886,19.33333333,14.95841866,31.40371417,24.37011295,15.55555556,79.69030633,88.5784602,67.49896558,67.91901835,40.88102387,8.25,59.46,42.34306277,86.2,69.8,70.224,63.23400056,41.72286647,72.83,56.07153139
25,ViT-L-14,laion2b_s32b_b82k,OpenCLIP,44.02493906,24,16.9255236,33.08557582,26.02085143,23.7037037,80.32121687,90.56899662,68.223051,68.42689617,43.10360514,8.75,63.34,46.51739304,89.5,75.52,75.248,66.97572849,43.92952995,76.42,61.01869652
26,ViT-g-14,laion2b_s34b_b88k,OpenCLIP,46.48056056,31.33333333,17.89261277,33.24288438,28.32319722,24.44444444,81.73240774,90.37455154,68.67163358,69.32081554,40.90183555,9,66.34,48.7564974,91.4,77.7,78.466,69.59916669,45.14318972,78.87,63.2282487
27,ViT-H-14,laion2b_s32b_b79k,OpenCLIP,46.97553559,32,16.49151972,32.92641569,27.36750652,22.96296296,82.44173652,90.65085063,68.08962521,68.43985585,41.84071951,10.5,65.96,49.48420632,90.7,77.62,77.948,69.10270241,45.05722735,78.33,63.55210316
28,ViT-bigG-14,laion2b_s39b_b160k,OpenCLIP,45.29202314,40,16.9679271,33.34922974,28.14943527,25.18518519,82.95655001,91.42095392,70.54427592,68.52357543,42.78359436,12,67.28,51.39544182,92.9,79.54,80.09,70.85993112,46.43106251,80.09,65.46772091
29,EVA01-g-14,laion400m_s11b_b41k,OpenCLIP,55.95513426,17,20.32122065,32.66894031,25.4995656,15.55555556,77.13619645,90.13099817,69.39200355,69.28810938,41.19030474,9.25,61.74,44.06237505,88.2,72.64,78.51,67.61432697,43.61566905,74.97,58.35118752
30,EVA02-B-16,merged2b_s8b_b131k,OpenCLIP,53.36337909,11,16.60308487,31.88752695,24.76107732,17.03703704,77.38122889,88.42923567,68.99845067,68.11058754,40.96546889,9,58.74,42.15913635,86.1,71.38,74.726,63.49965089,42.29475641,72.42,56.76956817
31,EVA02-L-14,merged2b_s4b_b131k,OpenCLIP,51.66980815,12.66666667,17.79783422,33.28189161,25.1520417,18.51851852,79.67330037,90.35320765,70.5779252,70.41377174,42.08940422,10.25,63.74,47.5009996,89.7,77.28,79.766,70.0296286,43.53703084,76.72,62.3904998
32,EVA02-E-14,laion2b_s4b_b115k,OpenCLIP,46.45966232,33.66666667,17.15268468,33.878362,26.7593397,24.44444444,82.21594355,91.52040074,68.76300028,68.50806218,41.94575606,12.5,67.46,50.33186725,92.2,78.16,81.958,71.60047998,45.65119355,79.83,64.24593363
33,ViT-L-14-CLIPA,datacomp1b,OpenCLIP,40.72267571,20.66666667,14.43817072,34.15483044,27.15030408,13.33333333,78.50041698,90.39081635,67.75666066,67.08580618,41.97104885,7,65.14,46.94922031,90.2,73.58,79.594,68.64259521,41.93089417,77.67,60.26461016
34,ViT-H-14-CLIPA,datacomp1b,OpenCLIP,37.75458946,22.66666667,14.90523114,34.5067165,27.06342311,16.2962963,79.90039988,90.88073088,69.04528064,68.35380737,40.57145602,9,67,49.07636945,91.1,75.9,81.518,71.13652272,42.5787165,79.05,62.48818473
35,ViT-bigG-14-CLIPA,datacomp1b,OpenCLIP,39.53721309,28,14.65048057,34.81130938,27.36750652,16.2962963,82.08562945,91.33991517,68.13829203,68.36439804,41.92933999,10.75,67.92,49.93602559,91.9,77.88,82.688,73.28307435,43.60586504,79.91,63.90801279
36,ViT-B-16,dfn2b,OpenCLIP,32.98417727,23.33333333,12.93734801,32.50623064,25.89052997,22.96296296,78.84254628,87.70783538,67.54100949,64.51241099,40.2015381,10,60.42,43.38664534,85.5,69.1,76.25,64.57276761,41.61832687,72.96,56.24332267
37,ViT-L-14-quickgelu,dfn2b,OpenCLIP,34.55683707,27.66666667,12.6762611,34.04364289,28.49695917,27.40740741,80.94361963,89.41180507,68.16918195,66.17203313,40.5673279,9.75,65.66,48.54858057,89.8,75.34,81.412,69.93653129,43.32181183,77.73,61.94429028
38,ViT-H-14-quickgelu,dfn5b,OpenCLIP,37.53232814,45,14.08848372,35.28738499,30.66898349,31.85185185,83.40911165,91.05572414,70.66336976,67.40104342,41.38471035,11,72.24,53.90643743,92.9,80.14,83.424,74.86047656,46.61191596,82.57,67.02321871
39,ViT-B-16-SigLIP,webli,OpenCLIP,40.98276916,30.66666667,17.23223871,34.49672931,27.84535187,22.96296296,80.17585381,88.75997592,69.39589526,67.25046766,41.08282564,10.25,65.72,47.82087165,89.1,74.64,76.052,67.53057091,44.25847808,77.41,61.23043583
40,ViT-L-16-SigLIP-256,webli,OpenCLIP,43.21367631,37,19.74385891,35.4350266,29.19200695,28.14814815,82.64247425,90.38712711,71.15480609,68.50854232,41.12896337,13.75,70.78,52.29108357,91.8,79.02,80.456,71.12770887,46.69205251,81.29,65.65554178
41,ViT-SO400M-14-SigLIP,webli,OpenCLIP,44.95008715,39.66666667,12.55909059,36.11643503,27.49782798,28.14814815,80.6823514,90.58593109,62.56415372,68.97220682,41.63410932,15.75,69.7,51.77928828,91,75.22,82.04,72.9639152,45.76058399,80.35,63.49964414
42,convnext_base,laion400m_s13b_b51k,OpenCLIP,48.58995479,15.66666667,18.77168497,30.12608212,23.71850565,15.55555556,75.10563386,87.994373,66.56375507,69.33265907,42.18494117,10.25,54.78,37.61295482,83.7,65,66.244,60.02729437,41.98831766,69.24,51.30647741
43,convnext_large_d,laion2b_s26b_b102k_augreg,OpenCLIP,42.74984841,23,15.30154433,33.04051518,26.54213727,22.22222222,81.05953405,90.45499025,69.01679182,68.05276422,40.39697889,9,64,47.00119952,91.8,75.84,75.916,67.31873799,43.40311055,77.9,61.42059976
44,convnext_xxlarge,laion2b_s34b_b82k_augreg,OpenCLIP,43.29998003,26,14.87864087,33.7260926,27.1068636,25.18518519,81.38588504,91.37179393,69.63139093,69.39771057,40.52856673,9,67,49.70411835,91.6,79.02,79.074,71.05761513,44.29267579,79.3,64.36205918
45,coca_ViT-B-32,laion2b_s13b_b90k,OpenCLIP,44.47715699,16.66666667,16.77997516,30.27007386,24.02258905,14.81481481,77.72091785,87.1885562,66.92191336,67.37977687,41.02854088,7.25,54.52,36.70931627,82.2,63.76,63.598,60.22420183,41.21008181,68.36,50.23465814
46,coca_ViT-L-14,laion2b_s13b_b90k,OpenCLIP,42.42808743,16.66666667,16.86309239,32.35029355,25.4995656,19.25925926,79.41869456,89.63275096,70.04612675,69.48732287,41.10757068,8,62.8,45.83766493,88.9,74.24,75.65,68.27157292,42.56328589,75.85,60.03883247
47,roberta-ViT-B-32,laion2b_s12b_b32k,OpenCLIP,43.10543663,20,17.39147155,30.11620505,24.58731538,16.2962963,79.35016275,87.0729882,66.8593233,67.59040348,41.43129262,7.5,54.36,37.40103958,81.8,64.42,61.716,60.20190356,41.7750746,68.08,50.91051979
48,xlm-roberta-base-ViT-B-32,laion5b_s13b_b90k,OpenCLIP,41.83559093,20.33333333,15.92692994,30.43375632,24.54387489,13.33333333,78.34359822,88.2507295,67.08415404,68.26600143,40.32366143,7.25,53.52,37.77688924,82.7,64.5,62.342,61.66378396,41.32708028,68.11,51.13844462
49,RN50-quickgelu,yfcc15m,OpenCLIP,40.05996887,9.333333333,13.92984809,19.20928164,18.11468288,9.62962963,67.98125928,78.67555578,61.3331021,64.42612487,41.87464779,6.5,27.24,16.44142343,49.1,31.82,32.748,30.6128753,35.92228619,38.17,24.13071172
50,RN50-quickgelu,cc12m,OpenCLIP,40.69439445,12.66666667,16.17681179,24.5821987,20.50390964,11.85185185,73.67105247,83.05302904,61.51611488,66.31995225,41.41521568,5.75,33.72,24.11835266,60.6,47,36.474,33.86435003,38.18343312,47.16,35.55917633
51,RN101-quickgelu,openai,OpenCLIP,53.40518233,11.66666667,17.74975308,26.83964638,21.41615986,10.37037037,72.99746804,83.3893114,66.48607459,69.2135478,41.90909304,7.5,49.84,30.70371851,79.1,58.08,62.272,55.37299947,40.2452728,64.47,44.39185926
52,RN101-quickgelu,yfcc15m,OpenCLIP,38.89742215,6.333333333,13.16774424,19.42975259,18.20156386,10.37037037,68.38204601,78.99698091,61.51332536,65.35800228,42.17813198,7,28.7,17.77289084,53.6,34.58,34.85,31.89455796,35.81905609,41.15,26.17644542
53,ViT-B-32,laion400m_e32,OpenCLIP,47.65738711,18,16.91434956,28.97414192,23.76194613,15.55555556,76.54384651,87.16300925,65.67093063,64.8782261,41.33179806,7.75,52.46,34.31827269,77.7,59.62,60.246,55.26189301,41.18343257,65.08,46.96913635
54,ViT-B-32,commonpool_m_clip_s128m_b4k,OpenCLIP,38.66832795,6,11.42159205,19.21772288,17.20243267,6.666666667,63.58272511,74.03145916,57.97369975,60.68361505,43.1958078,2.5,18.24,11.247501,30.3,18.92,27.246,36.68336988,33.42867076,24.27,15.0837505
55,ViT-B-32,commonpool_m_laion_s128m_b4k,OpenCLIP,35.27785176,8.666666667,11.81565226,18.79716213,17.46307559,8.888888889,64.4035817,76.07661305,59.42244679,60.27025709,41.72268667,6.25,16.5,10.52778888,27.4,17.96,23.034,32.24886694,34.08790688,21.95,14.24389444
56,ViT-B-32,commonpool_m_image_s128m_b4k,OpenCLIP,38.01061349,5,10.08259798,17.83931416,17.24587315,7.407407407,63.42542444,74.35541506,58.50757192,60.96133511,41.87257727,5,16.54,10.53178729,27.1,18.94,26.784,33.73717956,33.30901083,21.82,14.73589364
57,ViT-B-32,commonpool_m_text_s128m_b4k,OpenCLIP,38.70476419,7.333333333,11.99387951,18.03795116,16.50738488,9.62962963,64.40360481,74.76187573,59.0597145,61.55204984,42.23402468,2.75,18.18,10.85165934,29,18.72,25.474,33.63693003,33.91401769,23.59,14.78582967
58,ViT-B-32,commonpool_m_basic_s128m_b4k,OpenCLIP,36.31141533,7.333333333,12.07879966,17.86330233,16.55082537,6.666666667,64.18124588,75.36824909,60.38696059,61.68390622,42.67259096,2.75,16.62,10.07197121,24.9,18.76,22.556,31.07933285,33.65394128,20.76,14.41598561
59,ViT-B-32,commonpool_m_s128m_b4k,OpenCLIP,39.05773315,4.333333333,11.13824525,15.61764802,15.24761077,5.185185185,61.74015157,71.45821818,59.8620316,62.68463584,41.99573149,3.25,12.42,7.009196321,19.3,12.7,17.548,28.42670223,32.63087703,15.86,9.854598161
60,ViT-B-32,commonpool_s_clip_s13m_b4k,OpenCLIP,36.64935674,4.333333333,10.43930982,11.45811131,13.42311034,8.888888889,56.20430303,62.20509,52.36392734,58.03701485,42.50269455,2.75,2.92,1.575369852,4,2.86,5.054,18.87890281,29.93792835,3.46,2.217684926
61,ViT-B-32,commonpool_s_laion_s13m_b4k,OpenCLIP,35.51922614,7,12.22855336,10.25649006,12.42397915,7.407407407,54.67361541,61.27506842,53.96190648,58.22063363,42.10475994,7.5,1.38,1.011595362,2.7,1.76,3.05,16.37778888,30.21430333,2.04,1.385797681
62,ViT-B-32,commonpool_s_image_s13m_b4k,OpenCLIP,35.84328204,5.666666667,12.31284479,10.87029375,13.03214596,11.85185185,54.14101727,61.80350017,52.16855698,57.06549468,42.80160256,7,1.5,1.095561775,2,1.44,3.916,17.36891607,30.37977139,1.75,1.267780888
63,ViT-B-32,commonpool_s_text_s13m_b4k,OpenCLIP,36.96543202,4,10.49601421,10.89416074,13.33622937,8.148148148,55.17056675,63.07239391,52.65826395,57.81089835,42.07504602,3.75,2.58,1.707317073,5.7,2.78,4.602,18.1241873,29.86476279,4.14,2.243658537
64,ViT-B-32,commonpool_s_basic_s13m_b4k,OpenCLIP,35.2639927,4.666666667,11.03399124,10.12193863,13.64031277,5.185185185,54.8076465,62.06989405,53.4890452,57.27931413,40.97544179,5,1.92,1.431427429,4,2.56,3.768,16.27489239,29.46111907,2.96,1.995713715
65,ViT-B-32,commonpool_s_s13m_b4k,OpenCLIP,36.1441409,1.666666667,9.605724813,8.76113239,12.59774109,5.185185185,54.09431494,60.25723459,50.11565861,60.49340066,40.93677429,2.25,1.76,0.883646541,3,2.14,2.702,17.01842408,28.50899784,2.38,1.511823271
66,ViT-B-32-256,datacomp_s34b_b86k,OpenCLIP,40.62735293,19.33333333,14.63975265,31.99137216,24.93483927,17.77777778,77.02502515,86.9795456,67.68689853,64.46848177,40.83419805,7.75,57.94,39.92802879,84.5,64.98,72.788,65.76365365,41.17071477,71.22,52.45401439
67,ViT-B-32-quickgelu,laion400m_e32,OpenCLIP,47.41012673,20.33333333,16.69934693,29.90148422,24.15291051,15.55555556,76.29289374,87.62701344,65.57877681,66.22974907,42.54844178,6.5,52.6,35.30987605,78.7,61.72,62.94,57.62340708,41.56913601,65.65,48.51493802
68,ViT-B-16,laion400m_e32,OpenCLIP,47.75491965,15.33333333,18.88984064,30.4211067,22.71937446,15.55555556,76.44294416,88.83711623,66.99969156,68.02356578,42.27295085,7.75,55.4,38.32866853,83.5,65.64,67.05,60.25490476,41.75003324,69.45,51.98433427
69,ViT-B-16,commonpool_l_clip_s1b_b8k,OpenCLIP,40.12003541,8.333333333,14.57376457,28.57283754,21.58992181,12.59259259,72.73710003,83.28139921,62.80556582,63.78770561,41.52513482,7,44.34,28.79248301,68.1,51,57.786,57.07238631,38.0766159,56.22,39.8962415
70,ViT-B-16,commonpool_l_laion_s1b_b8k,OpenCLIP,38.47908053,11.66666667,13.89945834,29.13384264,22.98001738,11.85185185,75.05844847,84.87804802,65.45482284,65.17366471,41.56189327,6.75,46.54,31.96321471,72.3,56.58,55.242,53.2774341,38.90731623,59.42,44.27160736
71,ViT-B-16,commonpool_l_image_s1b_b8k,OpenCLIP,37.33966824,7,12.90253895,28.26640838,21.11207646,10.37037037,71.9262931,83.43522976,63.29140782,63.28715566,39.64393353,6.75,43.3,29.08436625,68.7,51.58,57.182,51.37599704,37.11042352,56,40.33218313
72,ViT-B-16,commonpool_l_text_s1b_b8k,OpenCLIP,38.09311721,13.66666667,13.10355182,27.58818306,20.24326672,9.62962963,72.06878575,82.60742155,64.83153555,64.84901219,41.99941629,7,44.4,30.16793283,68.2,53.38,56.05,49.86294352,37.9733822,56.3,41.77396641
73,ViT-B-16,commonpool_l_basic_s1b_b8k,OpenCLIP,37.4058703,7.666666667,13.76679064,26.87272453,21.37271937,11.85185185,71.65300867,83.22614844,62.70743872,64.70585394,37.65406056,5.75,43,28.60055978,67.8,52.48,51.576,48.0051037,37.05276114,55.4,40.54027989
74,ViT-B-16,commonpool_l_s1b_b8k,OpenCLIP,37.70736646,5.333333333,12.99320776,24.55088864,19.50477845,6.666666667,70.13780009,79.92495405,63.50062797,62.81983566,41.98285959,4.25,34.82,22.21911236,57.1,41.84,45.902,46.83713659,35.78102656,45.96,32.02955618
75,ViT-B-16-plus-240,laion400m_e32,OpenCLIP,51.68643682,19,20.73825036,31.34654192,24.89139878,17.77777778,76.74778133,89.27543405,69.29860653,69.79507639,43.35009123,10.25,58.56,40.99160336,86.4,68.08,69.194,62.17615198,43.67978293,72.48,54.53580168
76,ViT-L-14,commonpool_xl_clip_s13b_b90k,OpenCLIP,40.82910842,16,16.08901114,33.05945233,25.45612511,16.2962963,78.17770271,87.91660332,68.04050601,67.91036612,41.47282313,6.25,60.44,42.71891244,86.4,68.88,76.394,69.7885206,41.45816622,73.42,55.79945622
77,ViT-L-14,commonpool_xl_laion_s13b_b90k,OpenCLIP,40.38523924,23.66666667,15.94543039,33.51427378,27.36750652,22.96296296,80.39410935,88.87999106,67.92871518,68.49712362,40.94008104,9.75,63.52,46.74930028,87.8,74.9,75.472,68.00561522,43.35267498,75.66,60.82465014
78,ViT-L-14,commonpool_xl_s13b_b90k,OpenCLIP,37.43119787,12,14.53445388,30.63658656,22.37185056,9.62962963,74.45528802,85.27868694,68.40556702,65.37606737,41.55932545,6,54.38,38.49260296,81.7,64.66,72.306,67.13268279,38.97322111,68.04,51.57630148
79,ViT-L-14,laion400m_e32,OpenCLIP,51.86242975,22,21.29167118,31.99424281,25.32580365,18.51851852,78.28193682,90.29362602,67.24031576,69.42357325,42.04629096,9,59.7,42.97081168,87.5,70.18,72.754,65.03951514,43.93986739,73.6,56.57540584
80,convnext_base_w,laion2b_s13b_b82k,OpenCLIP,41.39671607,17,16.79619672,31.767191,24.41355343,18.51851852,79.9950429,89.55646358,67.28362557,69.46774826,41.47597279,8.75,60.66,42.84686126,87.7,72.14,70.782,62.82479187,42.2017524,74.18,57.49343063
81,convnext_base_w,laion2b_s13b_b82k_augreg,OpenCLIP,43.80631941,23.33333333,16.36735086,32.09359854,25.67332754,19.25925926,78.73883608,88.75853657,68.31138857,68.02618323,40.56952859,7.25,61.44,43.03478609,87.3,72.38,71.466,63.404851,42.68230516,74.37,57.70739304
82,convnext_base_w,laion_aesthetic_s13b_b82k,OpenCLIP,45.42130722,20.33333333,15.9150583,31.51085833,25.4995656,22.96296296,80.30927249,89.96629508,68.07954081,69.1266837,40.44555552,8.25,61.24,43.56257497,88.9,73.04,70.992,61.7277435,43.15170278,75.07,58.30128749
83,convnext_base_w_320,laion_aesthetic_s13b_b82k,OpenCLIP,40.77544105,21.66666667,14.42203087,32.25662476,25.76020851,22.96296296,81.07006845,90.12273053,67.45947203,69.29914172,39.11897692,10,61.04,43.87844862,90.5,74.04,71.68,60.27417267,42.90952704,75.77,58.95922431
84,ViT-B-16-SigLIP-384,webli,OpenCLIP,39.05464391,31,16.10282283,35.54334023,27.88879235,20.74074074,80.80457174,88.31784536,69.34329942,67.45371648,40.79578513,11,67.78,49.94002399,92.7,78.48,78.498,67.75232144,44.00379652,80.24,64.210012
85,ViT-S-CLIP,yfcc15m,SLIP,38.59461973,10,11.94117182,17.9414257,15.55169418,6.666666667,67.49165071,78.54633119,61.269232,66.53847774,41.71201963,4.25,24.16,14.67812875,42.9,27.96,32.9,32.16005886,35.04194078,33.53,21.31906437
86,ViT-S-SLIP,yfcc15m,SLIP,40.77208189,10.66666667,13.62312837,20.81816323,18.50564726,5.925925926,70.06563273,81.058291,62.61802498,67.78838762,40.91835588,7.5,29,19.71211515,53.4,36.16,40.056,37.1624985,36.6883588,41.2,27.93605758
87,ViT-B-CLIP,yfcc15m,SLIP,39.8663138,10,13.35457343,19.84194454,17.20243267,7.407407407,69.0377669,79.82386922,63.56904057,67.60529571,41.95085822,5.5,27.5,17.5089964,50.5,32.78,37.724,34.24952769,36.26329187,39,25.1444982
88,ViT-B-SLIP,yfcc15m,SLIP,42.69576574,9.666666667,14.69096629,23.00434103,19.98262381,11.85185185,70.34283287,82.34388216,61.74926014,68.27914048,40.14296682,7.25,34.52,23.19072371,59.4,41.36,45.22,39.75199196,37.66669149,46.96,32.27536186
89,ViT-L-CLIP,yfcc15m,SLIP,38.46428254,6,12.99081144,21.63487536,18.50564726,10.37037037,70.09910725,80.18288824,64.36690756,68.28596657,42.10772098,5,28.36,19.19232307,51.3,35.24,40.156,36.24418961,36.5007148,39.83,27.21616154
90,ViT-L-SLIP,yfcc15m,SLIP,39.7276011,5.666666667,13.43187448,23.52571122,19.33101651,11.85185185,70.62100361,81.24613935,63.73352983,68.83467289,39.93104842,4,35.2,23.51859256,62.6,42.24,48.158,43.07581247,36.82509299,48.9,32.87929628
91,ViT-B-CLIP,cc3m,SLIP,36.95184738,9.333333333,12.86143351,16.68064178,16.55082537,7.407407407,64.20768092,79.17270453,58.83380813,61.70848059,41.68465764,4.75,14.66,10.43982407,26.8,19.78,16.732,24.12981153,34.17856838,20.73,15.10991204
92,ViT-B-SLIP,cc3m,SLIP,39.50510792,10,14.73022962,18.40945111,18.63596872,9.62962963,65.53743207,80.16832633,59.25813091,62.74484902,41.04412688,3.25,20.98,15.67772891,38.6,28.6,23.126,26.53428544,35.24277102,29.79,22.13886445
93,ViT-B-CLIP,cc12m,SLIP,42.65913625,10.66666667,14.98881541,24.72727014,19.46133797,8.148148148,72.42258714,83.55760334,60.91535003,65.59315857,41.54954588,6,32.1,22.70291883,57.6,45.06,36.908,36.8016969,37.55746829,44.85,33.88145942
94,ViT-B-SLIP,cc12m,SLIP,46.80007234,15.33333333,17.76277898,25.2707869,22.54561251,9.62962963,71.19128844,84.31035804,61.78807375,67.08881302,40.90239483,8,37.14,26.66133547,65.1,50.02,41.28,38.98461618,39.21859515,51.12,38.34066773
95,CLIP,cc3m,CyCLIP,36.87463408,6,12.83756599,18.99339574,17.33275413,5.925925926,64.59726113,82.40181347,58.31080191,62.26117829,42.70616105,5,21.36,15.58176729,40.5,30.54,20.448,25.34522167,34.43679098,30.93,23.06088365
96,CyCLIP,cc3m,CyCLIP,38.74712593,5,14.2087115,18.47162273,16.15986099,8.888888889,64.17109393,82.33771656,58.72143491,62.67462937,41.43368474,3.5,21.3,15.96961216,41.2,30.42,22.408,25.15497769,34.5262308,31.25,23.19480608
97,i-CyCLIP,cc3m,CyCLIP,36.73705168,4.666666667,14.09472303,18.14526967,16.20330148,5.925925926,62.82140919,81.91110671,59.85051412,61.59154406,42.2040743,4.5,21.1,15.96961216,38.7,30.84,21.342,25.51477887,34.0542989,29.9,23.40480608
98,c-CyCLIP,cc3m,CyCLIP,38.24467617,5,15.28274537,17.31542078,17.20243267,8.888888889,64.3160472,81.57776156,58.77162186,61.81235913,41.93177688,3.5,22.12,15.96561375,41.6,30.82,21.834,26.35380024,34.48697754,31.86,23.39280688
99,CLIP-ViT-S,redcaps,meru,39.21704216,12,12.52886562,21.48762318,16.07298002,14.81481481,62.60070513,72.85203734,58.8701679,65.71247281,42.63895362,4.25,18.68,13.55457817,20.4,16.24,33.526,35.42521918,35.25380522,19.54,14.89728908
100,MERU-ViT-S,redcaps,meru,40.70919581,7.666666667,12.98165174,21.19740157,16.55082537,14.07407407,62.9851992,72.91951814,58.3305752,64.86788981,42.42465496,6,20.06,13.7584966,20,17.52,33.374,34.72511028,35.05897104,20.03,15.6392483
101,CLIP-ViT-B,redcaps,meru,37.93349239,11.33333333,11.96496043,21.94014,17.81059948,8.888888889,64.27976233,73.97464987,59.19894513,64.80763123,42.87903383,5,22.16,15.42183127,25.4,19.78,37.666,37.38406941,35.00095308,23.78,17.60091563
102,MERU-ViT-B,redcaps,meru,38.63081254,11.33333333,11.44269381,21.2353432,17.4196351,7.407407407,63.79048431,73.35793742,58.62461105,66.35424078,43.2596683,4.75,21.18,15.14194322,24.5,19.3,36.634,38.16888191,34.80051394,22.84,17.22097161
103,CLIP-ViT-L,redcaps,meru,38.02995709,7,12.98809506,22.16334496,14.98696785,7.407407407,64.69898417,73.57344416,59.62682081,65.32639982,40.91918238,6.75,21.22,14.22630948,24.9,18.72,38.018,38.58015399,34.45588364,23.06,16.47315474
104,MERU-ViT-L,redcaps,meru,38.41745148,9.333333333,11.64935528,21.89652858,16.59426586,5.185185185,64.19530115,73.39609674,60.36547976,65.96844269,40.66684625,4.25,21.16,14.70611755,25.6,19,38.054,38.58762606,34.32652386,23.38,16.85305878
105,CLIP_RN50,yfcc15m,DeCLIP,38.25415287,9.666666667,14.05274517,18.63219523,17.72371851,8.888888889,64.97098911,78.13784847,58.32233538,67.3664209,42.06176484,7,24.42,16.30547781,45.6,31.54,36.818,29.6261129,35.42314384,35.01,23.9227389
106,DeCLIP_RN50,yfcc15m,DeCLIP,35.99217861,7.666666667,14.66903907,20.53030632,20.11294526,6.666666667,67.57761147,79.70291093,63.27927155,65.48076819,40.69156577,5,32.54,20.28388645,57.5,38.26,44.166,36.96696616,35.61416088,45.02,29.27194322
107,CLIP_ViT-B-32,yfcc15m,DeCLIP,39.17412594,10.33333333,13.60883609,18.29970399,17.11555169,7.407407407,65.7403447,76.48261412,59.44379864,65.79957407,41.91221025,7.25,19.42,12.93482607,33.7,22.72,31.9,31.74087723,35.21395835,26.56,17.82741303
108,SLIP_ViT-B-32,yfcc15m,DeCLIP,40.9451026,13.33333333,14.48818263,17.20104856,18.20156386,11.11111111,64.84172988,76.39363212,57.86584278,66.95150537,41.73147366,9.25,20.54,13.04678129,34.9,23.78,32.824,31.71897913,36.02621049,27.72,18.41339064
109,FILIP_ViT-B-32,yfcc15m,DeCLIP,39.1234286,7.333333333,12.79081504,18.86769141,17.63683753,4.444444444,68.45756256,78.17446804,63.99486972,66.0159651,40.5715149,5.25,25.8,17.64494202,44,31.46,38.614,35.78303869,35.22174422,34.9,24.55247101
110,DeFILIP_ViT-B-32,yfcc15m,DeCLIP,37.38177753,9.666666667,13.75144053,21.14985814,19.50477845,8.888888889,68.8611422,80.00138231,62.87314487,65.52265198,42.95033963,6,30.04,19.76009596,51.2,34.88,44.166,38.14539453,36.37933927,40.62,27.32004798
111,DeCLIP_ViT-B-32,yfcc15m,DeCLIP,38.17158363,7.666666667,13.54980056,19.85246309,19.37445699,8.888888889,68.32026089,80.19197076,61.22720204,65.12084734,40.9284859,5.25,30.12,19.58416633,49.6,34.58,42.27,37.66330524,35.71188557,39.86,27.08208317
112,DeCLIP_RN50,declip88m,DeCLIP,36.55933403,7,12.1824202,23.72213739,19.72198089,8.148148148,68.21914208,82.88361669,63.36467654,67.14832619,41.90912005,4.25,32.96,21.9032387,59.8,43.96,62.184,45.71112322,36.25907518,46.38,32.93161935
113,DeCLIP_ViT-B-32,declip88m,DeCLIP,31.28205998,8.666666667,10.43172301,25.01298432,19.59165943,12.59259259,68.90553219,83.64619808,62.91134568,65.88129835,41.0686181,4,33.36,21.71131547,57.9,42.84,65.382,51.16455174,36.16588987,45.63,32.27565774
114,swin_tiny,yfcc14m,UniCL,39.52063059,8.666666667,13.04883299,16.1790312,16.4639444,8.888888889,65.59330759,77.29230378,60.36262751,65.17529994,42.93026525,7.25,22.68,13.33066773,37.9,23.38,29.974,27.59197903,35.11431657,30.29,18.35533387
115,swin_tiny,in21k_yfcc14m,UniCL,36.7477506,12.66666667,13.3963055,21.59685386,18.80973067,6.666666667,67.99758212,79.03828198,61.50975971,68.46766782,41.22613463,6,28.16,17.84086365,51.4,33.56,40.412,36.61180452,36.17695002,39.78,25.70043183
116,swin_base,yfcc14m,UniCL,38.0630858,6.333333333,12.74608327,18.69474915,17.98436142,8.888888889,68.28730099,79.83702756,59.97094755,66.60211831,41.28717844,9,27.2,17.4770092,52,32.66,39.194,33.22912863,35.64125623,39.6,25.0685046
117,swin_base,in21k_yfcc14m,UniCL,39.98687714,8.333333333,13.93021827,21.94082643,18.3753258,9.62962963,69.67648404,77.95157113,62.92650011,65.94406052,43.54647411,3.75,34.48,20.50379848,58.9,37.78,43.356,37.68617282,36.33260838,46.69,29.14189924
118,swin_base,in21k_yfcc14m_gcc15m,UniCL,27.20577817,13.66666667,11.14864959,26.67114638,21.63336229,9.62962963,73.27728438,87.87682415,65.03589246,65.13354948,40.35724362,6.5,40.4,29.70811675,68.3,56.88,57.65,45.0723499,37.3446689,54.35,43.29405838
119,diht_vitb16_224px,laion2b,DiHT,45.00187285,21.33333333,15.33129425,32.7571917,26.36837533,20,79.3576974,88.83740665,67.05347545,67.64640483,42.35034814,9.75,61.52,43.92642943,89.9,73.78,72.188,60.54096505,42.98228333,75.71,58.85321471
120,diht_vitb32_224px,laion2b,DiHT,43.94204874,24.33333333,14.06362511,32.44125085,26.80278019,21.48148148,77.86432363,88.80259897,67.12791134,67.05940454,40.88560909,8.5,59.16,40.68372651,85.1,68.44,68.01,58.78082205,42.77536394,72.13,54.56186325
121,diht_vitl14_224px,laion2b,DiHT,47.20494049,24.66666667,16.40056662,34.12872337,27.28062554,21.48148148,80.92971797,89.47758264,66.86871018,69.87976614,41.76544128,10.25,65.06,48.1247501,91.8,76.8,77.002,65.92554926,44.19451853,78.43,62.46237505
122,diht_vitl14_336px,laion2b,DiHT,43.59364014,27.33333333,15.51877775,34.26746666,27.71503041,25.18518519,81.51883137,89.73709519,68.04751272,70.09996353,42.57691071,11.75,65.54,49.63214714,92.8,78.66,77.884,66.60190177,44.77864558,79.17,64.14607357
123,MobileCLIP-S0,datacomp-dr,MobileCLIP,52.3301724,17,15.43165981,31.77237246,24.23979149,18.51851852,73.57685169,87.93913909,70.1904257,68.72571159,41.53288073,7,58.66,40.43982407,85.7,67.72,67.77,60.79875189,42.35479362,72.18,54.07991204
124,MobileCLIP-S1,datacomp-dr,MobileCLIP,54.67577154,15.66666667,15.83816584,33.0930425,26.36837533,19.25925926,75.66135308,88.93415723,71.209472,70.13763938,40.7187379,7.5,62.16,43.98240704,89.2,70.96,72.6,65.16779716,43.25522006,75.68,57.47120352
125,MobileCLIP-S2,datacomp-dr,MobileCLIP,53.70374427,16.66666667,16.26117081,33.63783058,26.97654214,18.51851852,77.6996191,89.39753355,71.93824289,70.46151302,42.22715202,8,63.42,45.37385046,90.3,73.38,74.41,66.2172335,43.79071113,76.86,59.37692523
126,MobileCLIP-B,datacomp-dr,MobileCLIP,60.06659401,22.33333333,18.07193264,34.55124068,28.97480452,20,81.15029547,90.85623283,72.6854621,71.09185397,43.22770108,8.5,68.92,50.56777289,91.4,77.16,76.764,68.4633315,45.95912089,80.16,63.86388645
127,MobileCLIP-B-LT,datacomp-dr,MobileCLIP,61.43890088,20.33333333,17.6997741,34.19575219,29.10512598,21.48148148,80.52346804,91.05727068,71.58407369,70.33493954,43.37439395,10.5,68.74,50.0239904,92.3,76.98,77.252,69.42648807,45.96904282,80.52,63.5019952
128,ViT-8M-16-Text-3M,yfcc15m,TinyCLIP,42.65264531,8.666666667,11.71331242,23.22959466,20.89487402,8.888888889,70.87195921,82.29680135,64.63738857,66.07633408,41.64408936,4.5,36.96,21.99920032,61.8,42.58,41.082,37.62904362,37.17271288,49.38,32.28960016
129,ViT-39M-16-Text-19M,yfcc15m,TinyCLIP,39.27463456,11.66666667,12.74734512,30.0304948,25.23892268,11.11111111,77.11043497,88.83791684,68.78774551,67.29209627,40.38921108,5.5,55.34,39.02439024,84.6,66.68,63.45,55.44382478,39.83221497,69.97,52.85219512
130,ViT-40M-32-Text-19M,laion400m,TinyCLIP,44.87175205,17.66666667,15.0573561,28.94952001,23.06689835,17.03703704,75.08257818,87.21686515,66.76692275,66.49927573,42.17056599,7,48.78,33.51059576,76.1,59.1,59.816,56.26647298,40.9487865,62.44,46.30529788
131,ViT-61M-32-Text-29M,laion400m,TinyCLIP,44.80715201,14.33333333,14.61580948,29.14604857,23.76194613,15.55555556,76.50419861,87.94087863,66.23291358,67.07529275,39.93209896,7.25,52.82,36.48940424,78.7,62.54,62.426,57.99521687,40.59626897,65.76,49.51470212
132,auto-ViT-22M-32-Text-10M,laion400m,TinyCLIP,40.63006018,10.33333333,13.84328554,26.85546919,21.58992181,16.2962963,72.43831535,85.15591973,66.0575387,65.74781397,39.96296282,6.75,43.48,28.40063974,70.3,51.76,53.662,52.47467524,38.80507641,56.89,40.08031987
133,auto-ViT-45M-32-Text-18M,laion400m,TinyCLIP,43.46339938,17.33333333,14.88086533,29.31021302,23.93570808,12.59259259,75.44816195,87.70228907,67.10898728,67.02195639,40.63989723,6.25,51.7,34.79408237,79.5,61.96,61.37,58.19758468,40.4739503,65.6,48.37704118
134,auto-ViT-63M-32-Text-31M,laion400m,TinyCLIP,44.92850298,17,14.63248406,29.93720755,25.45612511,11.85185185,77.3276466,87.98262884,66.80875038,67.31069533,39.99628005,7.75,54.1,37.71691323,81.8,64.32,63.91,58.56481926,40.91518106,67.95,51.01845662
135,auto-ViT-45M-32-Text-18M,laion-yfcc,TinyCLIP,42.52084639,16.33333333,15.52418228,29.93403283,25.23892268,16.2962963,76.53218259,88.07342547,67.62554832,67.12884305,40.83086774,6,53.58,36.91723311,80,63.94,62.682,59.13268175,41.00320675,66.79,50.42861655
136,auto-ViT-63M-32-Text-31M,laion-yfcc,TinyCLIP,43.94059357,17.66666667,14.9692629,30.38949988,25.32580365,14.81481481,78.024918,88.17894982,66.10490787,67.51225906,41.04192318,6.75,55.7,38.80047981,83.5,65.34,64.472,58.97108345,41.22663329,69.6,52.0702399
137,NLP-ViT-B-32,in21k_yfcc14m_gcc15m,DIME-FM,55.95482149,10,19.98020213,27.4006509,24.06602954,13.33333333,71.12813,86.50399884,67.12396415,70.85944474,41.15620161,8.75,46.92,32.71491403,76.8,60.5,66.502,57.16076721,41.35473139,61.86,46.60745702
138,Prompts-ViT-B-32,in21k_yfcc14m_gcc15m,DIME-FM,57.22264505,11,20.5258608,27.93055615,23.32754127,15.55555556,70.05054431,86.68353372,66.37061475,70.46086719,41.52571315,9.5,46.92,33.18272691,76.9,61.52,66.572,58.33218516,41.67945266,61.91,47.35136345
139,NegCLIP,coco-ft,StructuredCLIP,80.88320599,18.33333333,30.28533141,30.33458563,26.41181581,14.07407407,83.68751911,90.7441291,73.71525219,74.95159921,42.88949197,8,59.34,45.15393842,85.7,71.58,60.926,55.8933974,47.85919482,72.52,58.36696921
140,CE-CLIP,coco-ft,StructuredCLIP,76.27081407,13.33333333,34.56188044,26.63581437,24.5004344,14.81481481,85.66653141,90.09723786,76.73070419,76.91622719,41.68752656,5.25,56.04,47.09316273,75.3,68.94,49.918,49.86493647,47.20544322,65.67,58.01658137
141,GNM-CLIP,coco-ft,StructuredCLIP,57.12776064,12.66666667,17.34681581,28.24220804,25.02172024,10.37037037,78.69434015,89.16056574,71.08048478,70.61232006,42.13606207,10.25,58.08,41.06357457,82.9,68.8,61.416,56.28990629,42.72577621,70.49,54.93178729
142,TSVLC-Negs_RB,cc3m-ft,StructuredCLIP,83.53507703,10.66666667,35.97929946,27.36571913,24.02258905,10.37037037,76.87588671,89.76908562,69.35022567,77.51084504,40.85539941,6.75,46.12,36.35745702,74,64.88,58.468,54.92258019,46.08759701,60.06,50.61872851
143,TSVLC-Negs_RB_LLM,cc3m-ft,StructuredCLIP,82.66594246,11.33333333,32.98092394,27.59373044,24.67419635,10.37037037,73.1882339,89.73918048,72.07578147,79.22896739,39.88660167,5.75,46.4,36.62534986,74.9,65.1,59.73,55.34773442,45.79060515,60.65,50.86267493
144,DAC-LLM,cc3m-ft,StructuredCLIP,86.39147108,13.66666667,60.43877629,25.66830637,22.98001738,12.59259259,85.26727022,88.90661977,70.46431727,83.45540055,42.57678137,4.75,29.92,37.32906837,53,64.6,51.056,51.08739172,49.76318496,41.46,50.96453419
145,DAC-SAM,cc3m-ft,StructuredCLIP,83.34437986,13.33333333,63.4420218,25.47652137,24.28323197,9.62962963,83.79912725,88.44101518,70.25416116,84.71483247,42.36706777,8.5,33.12,33.94242303,59.7,61.7,52.35,51.86284366,49.79877682,46.41,47.82121152
146,CLoVe,laioncoco600m-ft,StructuredCLIP,82.96082195,18.66666667,41.58136219,26.95659254,25.19548219,13.33333333,84.50295055,87.87924557,71.86457259,66.58887896,41.83248538,6.5,48.2,42.72291084,69.5,68.66,53.066,50.94409505,47.32186599,58.85,55.69145542
147,ALIP,yfcc15m,ALIP,51.61355143,34.66666667,16.70414662,23.20578004,22.45873154,14.07407407,75.92845838,83.81651891,63.45938764,67.92921365,42.78737012,8.25,46.76,29.3442623,70.5,48.86,40.106,37.6119232,42.07449159,58.63,39.10213115
148,CLIP_ViT-B-16,cc3m,LaCLIP,34.71493875,11.66666667,11.51460995,17.02222797,15.46481321,11.85185185,61.83974316,78.75823887,56.51156544,61.10239511,41.54069418,5.75,12.36,9.348260696,26.6,18.64,15.69,23.56463233,33.97814543,19.48,13.99413035
149,LaCLIP_ViT-B-16,cc3m,LaCLIP,35.87980944,7.666666667,12.82578273,18.80520116,16.1164205,8.148148148,66.36030178,83.7578482,61.65294638,64.00113834,40.62068348,4.75,18.4,12.93082767,37.3,28.64,21.08,26.52854096,35.04874557,27.85,20.78541383
150,CLIP_ViT-B-16,cc12m,LaCLIP,42.74927707,14,15.63174736,25.38338394,22.06776716,14.07407407,71.39726621,83.42795738,60.64800745,66.95589371,43.93217005,5.25,37.14,25.55777689,64.7,48.56,41.194,38.53062325,38.7931287,50.92,37.05888844
151,LaCLIP_ViT-B-16,cc12m,LaCLIP,36.99916384,10,15.00083945,25.36769784,21.06863597,11.11111111,70.63581979,88.19352956,65.1232459,68.67019663,40.52791252,5.25,37.66,26.43742503,63.5,51.38,48.358,42.90178535,38.16234605,50.58,38.90871251
152,CLIP_ViT-B-16,redcaps,LaCLIP,43.1373072,6.666666667,15.9614571,23.45969063,17.98436142,8.888888889,66.08871845,74.69714701,60.29901899,66.8415301,42.15001619,8,26.7,16.78928429,28.9,21.3,42.794,40.08780048,36.18123355,27.8,19.04464214
153,LaCLIP_ViT-B-16,redcaps,LaCLIP,32.29305664,5.666666667,14.12656505,21.79761092,16.81146829,4.444444444,64.9541235,73.52528051,59.9461651,68.0535944,42.05046431,4,22.44,15.89364254,22.7,23.62,45.368,42.25483654,33.97245332,22.57,19.75682127
154,CLIP_ViT-B-32,laion400m,LaCLIP,44.45632532,18,15.21027181,29.3408967,22.67593397,14.07407407,74.73640521,86.91647685,66.29800605,67.14538739,43.19632046,7,51.78,34.73010796,76.7,59.62,62.05,57.90274955,40.75417482,64.24,47.17505398
155,LaCLIP_ViT-B-32,laion400m,LaCLIP,38.99783526,7,14.14264003,27.14361208,21.89400521,11.11111111,70.98015526,88.780843,66.40139122,69.48070499,39.97752682,6.75,42.98,31.66333467,70.5,57.58,64.434,58.97706143,38.55498541,56.74,44.62166733
156,CLIP_ViT-B-16,laion400m,LaCLIP,42.61356802,17,15.12518722,30.62434441,24.28323197,14.81481481,77.08074283,88.46280665,65.26488233,68.66483306,40.40360998,7,55.4,37.91283487,81.2,65.18,67.024,60.80213421,40.94483511,68.3,51.54641743
157,LaCLIP_ViT-B-16,laion400m,LaCLIP,41.1851567,11.33333333,14.95031365,28.26417243,22.8931364,12.59259259,72.47354536,90.33224208,67.81101602,69.7202669,39.4811814,6.5,47.8,35.87365054,77.3,62.68,69.338,62.28227204,39.79474641,62.55,49.27682527
158,CLIP_ViT-L-14,laion400m,LaCLIP,55.19284843,11.66666667,17.14664912,30.7426194,24.15291051,14.07407407,76.41563375,88.85659226,67.5971431,69.32241437,41.10604554,7.75,58.32,40.17193123,85.6,68.28,68.208,61.05717749,42.00196643,71.96,54.22596561
159,LaCLIP_ViT-L-14,laion400m,LaCLIP,52.55999282,8,22.13782876,28.11577776,20.89487402,8.148148148,76.06405903,90.11288847,69.77113655,71.27236374,41.81488956,5.75,49.86,37.16513395,78.3,64.82,71.596,64.46914381,41.22016324,64.08,50.99256697
160,CLIP_ViT-B-16,synthci10m,SynthCLIP,39.72524551,7.666666667,13.89784141,20.52565079,18.46220678,6.666666667,67.01680218,80.0246987,61.41509546,64.07151421,41.33276629,3.75,24.5,16.237505,55.6,36.6,20.458,24.33535701,35.37959622,40.05,26.4187525
161,CLIP_ViT-B-16,synthci20m,SynthCLIP,41.27774307,9,14.42737005,22.08538605,19.89574283,5.185185185,69.40138661,80.9914495,61.20884143,64.59459928,41.58905525,4,30.72,19.64414234,64,43.74,27.604,29.00714529,36.13806327,47.36,31.69207117
162,CLIP_ViT-B-16,synthci30m,SynthCLIP,40.16019372,12,13.56236715,23.52695253,19.59165943,6.666666667,70.2455359,81.93506552,60.49991978,61.62664148,40.97221291,5.25,32.88,20.69972011,65.2,46.38,30.232,29.98833165,36.33643459,49.04,33.53986006
163,CLIP_ViT-B-16,cc12m,SynthCLIP,43.04380886,12,16.09222365,23.55857039,20.19982624,10.37037037,70.46558805,82.03623249,60.5483698,65.54557966,42.321197,5.75,30.58,20.27988804,52.7,41.08,33.684,35.04164837,37.66098054,41.64,30.67994402
164,CLIP_vitb16,laion3m,StableRep,40.27780036,11,15.22252189,18.72978773,15.72545613,9.62962963,62.01049202,74.83710063,57.3490677,62.83754902,42.08112032,5.25,14.16,9.104358257,27.4,18.24,21.828,30.5362569,34.57921045,20.78,13.67217913
165,StableRep-pp_vitb16,laion3m,StableRep,39.02313335,6.333333333,14.01892745,19.9479319,17.72371851,3.703703704,63.49661948,77.36680166,57.98710096,63.79903882,41.0745937,6.25,19.16,12.96281487,39.6,29.48,31.702,31.78293089,34.22707524,29.38,21.22140744
166,CLIP_vitb16,laion10m,StableRep,46.38168527,6.666666667,15.87326968,23.43300523,20.19982624,14.81481481,67.87891145,81.76855554,60.24851109,64.92084315,41.63070411,5.25,32.28,20.53578569,55.1,39.32,40.726,43.41464659,37.42223277,43.69,29.92789284
167,StableRep-pp_vitb16,laion10m,StableRep,39.1173668,6,11.16748109,22.82626463,19.28757602,13.33333333,67.94117709,81.39991113,60.12236227,65.4251008,40.80319459,4.75,31.24,19.80007997,55.7,41.92,40.848,36.97369691,36.01448065,43.47,30.86003998
168,CLIP_vitb16,laion20m,StableRep,45.0552735,6.666666667,16.58119217,25.70004262,20.80799305,10.37037037,70.36828151,83.46539987,60.44874137,65.35829015,40.9669788,5.5,38.84,24.14234306,61.2,45.42,45.746,47.41526628,37.60743584,50.02,34.78117153
169,StableRep-pp_vitb16,laion20m,StableRep,36.16610396,7,10.23006078,23.72758695,20.54735013,5.925925926,69.1971824,81.17029203,59.71290765,64.96389517,40.4965776,4.25,34.8,21.79128349,61.5,45.08,43.608,39.67393974,35.28232355,48.15,33.43564174
170,CLIP_vitb16,laion50m,StableRep,44.49467884,11.66666667,15.90304609,26.69680132,22.54561251,8.148148148,71.03597778,84.77233173,62.01043559,65.22253447,41.3946574,4.75,42.38,27.08516593,69.7,51.36,49.56,48.12469824,38.22007421,56.04,39.22258297
171,StableRep-pp_vitb16,laion50m,StableRep,35.67806535,8.666666667,8.945388507,23.88868824,21.02519548,10.37037037,69.60386523,81.53078399,61.57755812,63.0483201,40.45893057,3.75,35.62,22.59896042,63.9,46.86,44.878,40.73303593,35.71198605,49.76,34.72948021
172,CLIP_ViT-B-16,syn1m,Scaling,33.82020835,4.666666667,12.19880021,10.95160438,13.03214596,4.444444444,54.94122302,62.21797047,51.60861492,58.94431445,40.84652617,5.5,1.76,1.503398641,4.4,2.78,4.096,14.80702341,29.43104325,3.08,2.14169932
173,CLIP_ViT-B-16,real1m,Scaling,34.75769296,1.666666667,11.84163522,10.84859385,13.16246742,6.666666667,53.95757267,62.62388991,52.37815572,57.61552347,41.73148819,6.5,1.42,1.067572971,3,2.32,3.75,15.88387642,29.47919606,2.21,1.693786485
174,CLIP_ViT-B-16,synreal1m,Scaling,35.53649376,5.666666667,12.74830219,13.64940426,12.94526499,9.62962963,57.48338968,68.34879454,53.9576359,60.79717524,43.8946034,5,4.26,3.150739704,9.2,6.26,9.446,20.23131798,31.63811335,6.73,4.705369852
175,CLIP_ViT-B-16,syn2m,Scaling,35.99608196,3.333333333,13.15319586,14.63878011,14.2050391,5.185185185,59.58867802,68.91012848,53.55657874,61.45261099,41.80110699,4.75,6.02,4.290283886,14.4,8.7,10.704,19.89495535,31.38089323,10.21,6.495141943
176,CLIP_ViT-B-16,real2m,Scaling,35.88274134,4.333333333,12.16409622,14.27763514,13.81407472,8.888888889,57.74203238,69.46316744,55.18943629,60.44958383,41.82200562,6,4.88,3.390643743,10.8,7,10.572,21.53605795,31.66891627,7.84,5.195321871
177,CLIP_ViT-B-16,synreal2m,Scaling,36.45364824,5.333333333,12.63968856,18.12731493,15.59513467,7.407407407,62.36139179,74.32428126,57.56718865,61.4820332,43.70885513,5,11.24,7.297081168,25.3,16.44,19.744,27.39782526,33.33335643,18.27,11.86854058
178,CLIP_ViT-B-16,syn4m,Scaling,38.13566089,6.666666667,13.63463233,18.18133123,15.55169418,7.407407407,63.39124084,73.71092088,55.97078438,62.60521206,41.27540665,4.75,12.82,8.472610956,29.8,18.78,19.836,24.53815235,33.44007979,21.31,13.62630548
179,CLIP_ViT-B-16,real4m,Scaling,39.17446156,8.333333333,13.08604245,19.24054675,15.68201564,8.888888889,61.03919979,75.3701769,58.37167299,60.55392103,43.00430543,4.5,14.5,9.184326269,29.1,19.18,21.676,31.77860495,33.93704706,21.8,14.18216313
180,CLIP_ViT-B-16,synreal4m,Scaling,38.92236159,6.666666667,12.18280917,21.49211387,17.98436142,11.11111111,65.01685048,78.60595077,59.9764584,61.99468273,40.51186757,4.5,21.98,14.3982407,44.8,30.92,30.574,35.33689632,34.91376948,33.39,22.65912035
181,CLIP_ViT-B-16,syn8m,Scaling,38.85195994,8.333333333,11.9498362,21.31590872,16.33362294,11.11111111,66.74445823,77.92883529,58.81697365,63.8105709,42.631862,4.75,22.34,13.99040384,44.7,29.58,28.962,28.74526498,35.21487269,33.52,21.78520192
182,CLIP_ViT-B-16,real8m,Scaling,40.34605813,9.666666667,13.51995386,23.06333364,18.20156386,8.888888889,65.998594,80.14130396,60.30937431,63.00241494,42.56633232,5,26.9,16.72530988,46.3,33.78,34.24,40.30869584,35.89204038,36.6,25.25265494
183,CLIP_ViT-B-16,synreal8m,Scaling,39.69955158,8.666666667,12.22445834,24.57549058,18.85317116,11.85185185,68.00833975,81.56942862,61.60181437,64.33645938,41.05129727,5.5,32.66,20.53578569,57.4,42.6,40.726,42.41478643,36.49487746,45.03,31.56789284
184,CLIP_ViT-B-16,syn16m,Scaling,39.83560317,9,11.53061699,24.20028612,18.24500434,9.62962963,68.77145628,79.66695826,59.73544291,65.46443909,42.37729029,7,29.76,19.17632947,57.1,40.82,37.686,34.72742716,36.28806059,43.43,29.99816473
185,CLIP_ViT-B-16,real16m,Scaling,42.10241551,6.333333333,14.67610694,25.47378654,20.24326672,11.85185185,68.82488328,82.97046033,59.992738,64.80008687,40.44062501,5.25,35.16,23.02678928,61.6,44.04,43.766,45.76060523,36.9132962,48.38,33.53339464
186,CLIP_ViT-B-16,synreal16m,Scaling,38.20058489,10.33333333,11.10744565,26.87392796,19.98262381,13.33333333,70.75678514,83.72252474,62.94039015,65.60987064,40.13678669,5.5,39.64,25.91363455,68.1,50.52,48.24,47.65724356,37.37480053,53.87,38.21681727
187,CLIP_ViT-B-16,syn32m,Scaling,40.49022146,9,11.21912293,25.6618328,19.6785404,10.37037037,72.2092994,81.56277948,61.48929164,64.63212252,40.97464332,6.5,37.7,23.53458617,65.4,47.96,43.75,38.28661856,36.98235203,51.55,35.74729308
188,CLIP_ViT-B-16,real32m,Scaling,41.5850452,11,13.82745921,27.59929507,21.76368375,9.62962963,71.31637918,84.59607383,63.23533008,66.58722865,41.27110722,6,41.54,27.20511795,66.8,51.38,50.458,49.96572415,38.20093599,54.17,39.29255898
189,CLIP_ViT-B-16,synreal32m,Scaling,41.1703376,9,12.90614413,28.46738613,22.11120765,11.85185185,71.99190005,85.25644035,62.99497535,64.48405286,40.41038606,4.5,45.24,29.94802079,74.5,56.18,52.852,50.99577845,37.9287235,59.87,43.0640104
190,CLIP_ViT-B-16,syn64m,Scaling,39.17502998,10,11.41843137,26.2342046,20.24326672,8.888888889,72.38899712,82.27402458,62.60850798,62.822132,40.64591945,3.75,42.44,26.54538185,73.3,52.78,48.038,41.39420951,36.70411689,57.87,39.66269092
191,CLIP_ViT-B-16,real64m,Scaling,43.93695118,9,15.0095552,28.26332226,22.80625543,12.59259259,73.15630553,85.74309197,63.57665167,66.10637541,41.71516043,4.75,45.94,30.90363854,72.6,55.32,55.128,53.15373032,38.88802181,59.27,43.11181927
192,CLIP_ViT-B-16,synreal64m,Scaling,42.54141442,12.33333333,13.03385999,28.97429445,22.67593397,15.55555556,73.8266422,86.00738219,64.63632497,65.12254337,38.84117948,6.25,48.12,32.16313475,79.9,59.42,56.4,53.95006418,39.14987199,64.01,45.79156737
193,CLIP_ViT-B-16,syn128m,Scaling,39.53981247,10.33333333,11.43574418,26.93961689,21.19895743,8.148148148,73.24191541,83.24176275,62.32193045,63.603723,40.98676074,4.75,43.46,27.62894842,73.6,53.18,51.198,40.25523206,37.14514207,58.53,40.40447421
194,CLIP_ViT-B-16,real128m,Scaling,42.5421259,14.66666667,15.72877045,29.40222509,21.72024327,15.55555556,73.71533479,87.3531808,64.31774073,67.45776771,41.55455346,5.5,49.3,33.93442623,77.1,60.06,61.364,56.85177506,39.9595137,63.2,46.99721311
195,CLIP_ViT-B-16,synreal128m,Scaling,46.55833229,15,14.94820461,30.81278866,23.50130321,11.11111111,75.21987169,87.76399626,66.60117749,65.88521686,40.86539163,6.5,53.08,36.34146341,81.8,63.22,62.858,58.05746134,40.39728282,67.44,49.78073171
196,CLIP_ViT-B-16,syn256m,Scaling,39.91805083,13.66666667,11.45157668,27.31858827,20.85143354,9.62962963,74.52823767,83.8983108,62.70997097,62.79604191,41.13494681,7,47.12,30.12395042,78,58.34,54.42,44.32818492,37.90862115,62.56,44.23197521
197,CLIP_ViT-B-16,real256m,Scaling,44.33658429,16.33333333,15.13176738,30.0130273,23.15377932,15.55555556,75.26518153,88.38753495,66.19251484,68.06782255,41.9607947,7.5,53.54,37.10115954,81.6,64.74,65.398,59.06520866,40.99149131,67.57,50.92057977
198,CLIP_ViT-B-16,synreal256m,Scaling,48.86838957,14.66666667,17.89017746,31.19284507,24.23979149,17.03703704,75.15885681,88.18258861,66.01565598,66.58154222,41.72471333,6.25,56.48,38.09276289,85.6,66.6,65.436,58.47546522,41.48402202,71.04,52.34638145
199,CLIP_ViT-B-16,syn371m,Scaling,39.46499384,16,11.41636868,27.64266161,22.32841008,10.37037037,74.47832336,84.36477136,63.54345771,62.0804366,41.37252082,5,48.46,31.06757297,79.6,58.42,55.7,44.84438497,38.17185954,64.03,44.74378649
200,CLIP_ViT-B-16,real371m,Scaling,43.31441804,15,16.22160797,30.54737693,25.36924414,18.51851852,75.14299138,88.35524704,67.74418191,67.41220461,40.26658613,7.5,55.06,38.04478209,83.2,65.52,66.75,59.89618516,41.28269805,69.13,51.78239104
201,CLIP_ViT-B-16,synreal371m,Scaling,47.06976152,21,16.00199703,31.47140881,24.67419635,14.81481481,75.63998639,88.9159232,66.59559682,67.41565164,40.34251754,7.25,57.24,38.7764894,85.4,67.88,66.558,59.84828089,41.76598784,71.32,53.3282447
